C    ,gamma ,margin
 0.1 ,  0.1 ,0.002276122452319744
 0.1 ,  1   ,0.0018938137890840174
 0.1 , 10   ,0.0018940197025958626
 1   ,  0.1 ,0.0005171381447099052
 1   ,  1   ,0.00018938888480911288
 1   , 10   ,0.00018940939785693826
10   ,  0.1 ,0.0004995186841757186
10   ,  1   ,0.00018741864003713873
10   , 10   ,0.00018737573142596397
