round,gamma,eval
1,0.01,0.03517546736634958
1,0.1,0.3010823220728107
1,1,0.49606428337159725
1,10,0.49606428337159725
1,100,0.49606428337159725
2,0.01,0.023286323384716257
2,0.1,0.2772220400131189
2,1,0.5059855690390291
2,10,0.5059855690390291
2,100,0.5059855690390291
