lambda,eout
1,0.014572864321608092
0.1,0.013065326633165841
