lambda,eout,non-zero
0.01,0.015577889447236148,564
0.01,0.013567839195979925,563
