lambda,eout
0.1,0.015577889447236148
0.1,0.014070351758794009
